{"chessboard_points": [[0.0, 0.0, 0.0], [0.03400000184774399, 0.0, 0.0], [0.06800000369548798, 0.0, 0.0], [0.10200000554323196, 0.0, 0.0], [0.13600000739097595, 0.0, 0.0], [0.17000001668930054, 0.0, 0.0], [0.20400001108646393, 0.0, 0.0], [0.23800000548362732, 0.0, 0.0], [0.2720000147819519, 0.0, 0.0], [0.0, 0.03400000184774399, 0.0], [0.03400000184774399, 0.03400000184774399, 0.0], [0.06800000369548798, 0.03400000184774399, 0.0], [0.10200000554323196, 0.03400000184774399, 0.0], [0.13600000739097595, 0.03400000184774399, 0.0], [0.17000001668930054, 0.03400000184774399, 0.0], [0.20400001108646393, 0.03400000184774399, 0.0], [0.23800000548362732, 0.03400000184774399, 0.0], [0.2720000147819519, 0.03400000184774399, 0.0], [0.0, 0.06800000369548798, 0.0], [0.03400000184774399, 0.06800000369548798, 0.0], [0.06800000369548798, 0.06800000369548798, 0.0], [0.10200000554323196, 0.06800000369548798, 0.0], [0.13600000739097595, 0.06800000369548798, 0.0], [0.17000001668930054, 0.06800000369548798, 0.0], [0.20400001108646393, 0.06800000369548798, 0.0], [0.23800000548362732, 0.06800000369548798, 0.0], [0.2720000147819519, 0.06800000369548798, 0.0], [0.0, 0.10200000554323196, 0.0], [0.03400000184774399, 0.10200000554323196, 0.0], [0.06800000369548798, 0.10200000554323196, 0.0], [0.10200000554323196, 0.10200000554323196, 0.0], [0.13600000739097595, 0.10200000554323196, 0.0], [0.17000001668930054, 0.10200000554323196, 0.0], [0.20400001108646393, 0.10200000554323196, 0.0], [0.23800000548362732, 0.10200000554323196, 0.0], [0.2720000147819519, 0.10200000554323196, 0.0], [0.0, 0.13600000739097595, 0.0], [0.03400000184774399, 0.13600000739097595, 0.0], [0.06800000369548798, 0.13600000739097595, 0.0], [0.10200000554323196, 0.13600000739097595, 0.0], [0.13600000739097595, 0.13600000739097595, 0.0], [0.17000001668930054, 0.13600000739097595, 0.0], [0.20400001108646393, 0.13600000739097595, 0.0], [0.23800000548362732, 0.13600000739097595, 0.0], [0.2720000147819519, 0.13600000739097595, 0.0], [0.0, 0.17000001668930054, 0.0], [0.03400000184774399, 0.17000001668930054, 0.0], [0.06800000369548798, 0.17000001668930054, 0.0], [0.10200000554323196, 0.17000001668930054, 0.0], [0.13600000739097595, 0.17000001668930054, 0.0], [0.17000001668930054, 0.17000001668930054, 0.0], [0.20400001108646393, 0.17000001668930054, 0.0], [0.23800000548362732, 0.17000001668930054, 0.0], [0.2720000147819519, 0.17000001668930054, 0.0]], "chessboard_inner_corners": [9, 6], "chessboard_spacing_m": 0.034, "image_resolution": [400, 300], "camera_matrix": [[315.92337644322174, 0.0, 194.1118698522008], [0.0, 315.5194281134987, 151.39613244816172], [0.0, 0.0, 1.0]], "distortion_coefficients": [0.2063080228081551, -0.4202416830166177, -4.702234861589913e-05, -0.004137854481642185, 0.029319005826530783], "rms": 0.1363781468458944, "reprojection_error": {"average": 0.01831426260553417, "stddev": 0.0030021098368823193, "image": {"sample\\frame-0.png": 0.01831605741776319, "sample\\frame-1.png": 0.01842776554182268, "sample\\frame-11.png": 0.013466468270363515, "sample\\frame-2.png": 0.01868179834757748, "sample\\frame-3.png": 0.02255343134137877, "sample\\frame-5.png": 0.022840321690776558, "sample\\frame-6.png": 0.015717082482912228, "sample\\frame-7.png": 0.016511175751678923}}, "sensor_size_mm": [22.3, 14.9], "fov_degrees": [64.66008862695156, 50.85273075893094], "focal_length_mm": 17.612728236709614, "principal_point_mm": [10.821736744260196, 7.519341244925366], "aspect_ratio": 0.9987213724597691, "chessboard_orientations": {"sample\\frame-0.png": {"rotation_matrix": [[-0.8241245022883936, -0.060548501188399606, 0.5631631057977304], [0.16272801578046311, -0.9776631326747967, 0.13302026871366737], [0.5425296283227863, 0.2012676775151472, 0.8155690800781971]], "translation": [0.09925785409383243, 0.09748317021704098, 0.3023941647059263]}, "sample\\frame-1.png": {"rotation_matrix": [[-0.8267115025314048, -0.07590493280305419, 0.5574823160948076], [0.15962990080613512, -0.9817841298621156, 0.10304473358455507], [0.5395056870422134, 0.17417911334902442, 0.8237689300538453]], "translation": [0.1092442584196148, 0.07521603244968268, 0.2929483807835911]}, "sample\\frame-11.png": {"rotation_matrix": [[-0.9575352594048869, -0.05032600510403911, -0.28388997905294944], [-0.013278541975014803, -0.9759055559262352, 0.2177889488365369], [-0.2880102555803068, 0.21231024262285167, 0.9337957236772897]], "translation": [0.08657771767539574, 0.08749593329843959, 0.47053516292986985]}, "sample\\frame-2.png": {"rotation_matrix": [[-0.983904835276283, -0.05167495820038944, -0.1710583929976502], [0.030648334303897427, -0.99188930239294, 0.12335433272829724], [-0.17604532008646828, 0.11612626960957165, 0.9775084320772985]], "translation": [0.20634927982889528, 0.0772661221378139, 0.4578026339462808]}, "sample\\frame-3.png": {"rotation_matrix": [[-0.7838429382514396, -0.1497429204626869, 0.6026336415473792], [-0.11636952048554244, -0.9178711361016095, -0.3794347272107621], [0.6099576893976455, -0.36754541934684204, 0.7020412964077252]], "translation": [0.06357985800427564, 0.08485515408421068, 0.3232191486756884]}, "sample\\frame-5.png": {"rotation_matrix": [[-0.8197476751783439, -0.13072892456461066, 0.5576053239719657], [0.24330442167813082, -0.960869109058269, 0.1324141746545237], [0.5184753682013937, 0.24421405270735086, 0.8194771436889998]], "translation": [0.08887599406176858, 0.05624763091491877, 0.26103708681759297]}, "sample\\frame-6.png": {"rotation_matrix": [[-0.9972685150729204, -0.007244513354795432, 0.07350527784115059], [0.03154911784260905, -0.9416065461755039, 0.33523389650032703], [0.06678444435349988, 0.3366372368376544, 0.9392631200929289]], "translation": [0.11053193734830084, 0.0747587615423237, 0.32327435885497563]}, "sample\\frame-7.png": {"rotation_matrix": [[-0.9930864164862725, -0.020360601766495803, 0.11560629431895149], [0.06222549054967651, -0.9263953661847085, 0.371375300521389], [0.09953571075903354, 0.3760014247409258, 0.9212576028866674]], "translation": [0.1273589391707207, 0.08174206400617995, 0.2944783040849791]}}}